province;fishing.guild;turfID;ABUND;HARV;EXPLOT
Pontevedra;A Guarda;1;0.0;15793.0;1.0
Pontevedra;Baiona;3;0.4;27647.0;2.1
Pontevedra;Bueu;4;1.2;11129.0;0.6
Pontevedra;Cangas;5;-0.4;13817.0;0.3
Pontevedra;O Grove;6;0.8;5175.0;2.7
Pontevedra;Vigo;7;2.0;1699.0;2.7
A Coruna;A Coruna_mix;8;-0.8;8956.0;2.1
A Coruna;Aguino;9;-0.6;38782.0;1.0
A Coruna;Camarinas;11;0.4;3616.0;0.8
A Coruna;Camelle;12;0.4;18493.0;0.8
A Coruna;Carino;13;0.0;13021.0;0.4
A Coruna;Cedeira;14;0.0;28246.0;0.8
A Coruna;Corme;15;0.4;11865.0;0.8
A Coruna;Espasante;16;0.0;2822.0;0.4
A Coruna;Ferrol;17;1.2;29806.0;2.1
A Coruna;Finisterra;18;0.4;11988.0;2.1
A Coruna;Laxe;19;0.4;8019.0;0.8
A Coruna;Malpica;21;1.6;18288.0;2.1
A Coruna;Muxia;23;0.4;18019.0;0.8
A Coruna;O Barqueiro;24;0.0;3142.0;0.4
A Coruna;O Pindo;25;0.0;331.0;0.6
A Coruna;Porto do Son;26;-0.6;6447.0;1.0
Lugo;Burela;29;0.0;189.0;0.4
Lugo;Celeiro;30;1.6;4031.0;1.0
Lugo;O Vicedo;31;1.6;1571.0;1.0
Lugo;Ribadeo;32;1.6;3111.0;1.5