province;fishing.guild;turfID;bank.length;Clo
Pontevedra;A Guarda;1;67.60;0.00
Pontevedra;Baiona;3;40.60;0.00
Pontevedra;Bueu;4;41.80;0.00
Pontevedra;Cangas;5;46.90;0.00
Pontevedra;O Grove;6;12.80;2.50
Pontevedra;Vigo;7;8.40;0.00
A Coruna;A Coruna_mix;8;121.90;0.00
A Coruna;Aguino;9;270.20;0.00
A Coruna;Camarinas;11;19.90;0.00
A Coruna;Camelle;12;40.40;0.00
A Coruna;Carino;13;36.50;0.00
A Coruna;Cedeira;14;37.40;0.00
A Coruna;Corme;15;39.10;0.00
A Coruna;Espasante;16;24.40;1.00
A Coruna;Ferrol;17;53.30;0.00
A Coruna;Finisterra;18;38.50;0.00
A Coruna;Laxe;19;16.20;1.50
A Coruna;Malpica;21;54.60;1.00
A Coruna;Muxia;23;52.90;0.00
A Coruna;O Barqueiro;24;8.10;1.00
A Coruna;O Pindo;25;13.70;0.00
A Coruna;Porto do Son;26;12.30;0.00
Lugo;Burela;29;23.20;7.00
Lugo;Celeiro;30;28.10;0.00
Lugo;O Vicedo;31;7.20;5.00
Lugo;Ribadeo;32;27.50;3.00