province;fishing.guild;turfID;FISHERS.WELL;MARKET;ROTATION;TA;Price;ADAPT.MNGMT
Pontevedra;A Guarda;1;0.26;1;0;1;23.96;market&weather&stock
Pontevedra;Baiona;3;0.48;1;1;1;33.98;market&weather
Pontevedra;Bueu;4;0.83;1;1;1;38.32;market&weather
Pontevedra;Cangas;5;0.99;1;1;1;45.10;market&weather&stock
Pontevedra;O Grove;6;0.41;1;0;1;35.04;market&weather
Pontevedra;Vigo;7;0.65;1;0;1;28.42;weather
A Coruna;A Coruna_mix;8;0.27;0;1;1;28.87;market&weather&stock
A Coruna;Aguino;9;0.47;1;1;1;36.20;market&weather
A Coruna;Camarinas;11;0.21;0;0;1;14.91;market&weather
A Coruna;Camelle;12;0.65;0;1;0;23.46;market&weather
A Coruna;Carino;13;1.18;1;1;1;30.91;market&weather
A Coruna;Cedeira;14;0.88;1;0;1;22.54;market&weather
A Coruna;Corme;15;0.27;0;1;1;17.35;market&weather
A Coruna;Espasante;16;0.90;0;0;1;23.61;market&weather
A Coruna;Ferrol;17;0.44;0;1;1;18.42;None
A Coruna;Finisterra;18;0.50;0;1;1;14.34;None
A Coruna;Laxe;19;0.35;0;1;1;16.94;market&weather
A Coruna;Malpica;21;0.48;0;1;0;19.46;market
A Coruna;Muxia;23;0.57;0;1;0;17.76;market&weather
A Coruna;O Barqueiro;24;0.70;0;0;1;22.09;market&weather
A Coruna;O Pindo;25;0.02;0;0;1;17.27;None
A Coruna;Porto do Son;26;0.55;0;1;0;25.41;market&weather
Lugo;Burela;29;0.60;1;0;0;46.17;market
Lugo;Celeiro;30;0.48;0;1;1;26.65;market&weather
Lugo;O Vicedo;31;0.65;0;1;1;29.80;market&weather
Lugo;Ribadeo;32;0.36;1;1;1;29.11;market&weather&stock