province;fishing.guild;turfID;fishing.effort;Relative_fishers;FISHERY.DEPENDENCY;POUCH;ISO;Modality
Pontevedra;A Guarda;1;7546;0.17;0.264;0.01;49.2;Both
Pontevedra;Baiona;3;11655;0.21;0.464;0.16;21.4;Both
Pontevedra;Bueu;4;2920.39;0.08;0.127;0.09;17.8;Boat
Pontevedra;Cangas;5;4119.2;0.09;0.232;0.16;25.1;Boat
Pontevedra;O Grove;6;1334.4;0.03;0.025;0.24;32.2;Boat
Pontevedra;Vigo;7;163.33;0.05;0.000;1;0;Foot
A Coruna;A Coruna_mix;8;6131.2;0.21;0.022;1;0;Both
A Coruna;Aguino;9;19569.12;0.4;0.544;0.36;65.1;Both
A Coruna;Camarinas;11;3030.9;0.07;0.002;0.03;74.5;Boat
A Coruna;Camelle;12;5982.24;0.42;0.158;0.03;68.8;Boat
A Coruna;Carino;13;2494.8;0.09;0.314;0.04;89;Boat
A Coruna;Cedeira;14;7085.67;0.15;0.216;0.04;74.6;Boat
A Coruna;Corme;15;5502.48;0.42;0.092;0.03;54.5;Both
A Coruna;Espasante;16;946;0.16;0.027;0.04;93.1;Boat
A Coruna;Ferrol;17;8036.56;0.15;0.066;0.12;44.3;Both
A Coruna;Finisterra;18;3596.4;0.12;0.002;0.8;77.9;Foot
A Coruna;Laxe;19;1934.56;0.15;0.046;0.03;59.6;Both
A Coruna;Malpica;21;6967.55;0.13;0.120;0.16;43.1;Both
A Coruna;Muxia;23;8965.8;0.31;0.358;0.03;70.1;Both
A Coruna;O Barqueiro;24;1236.56;0.18;0.134;0.04;102;Boat
A Coruna;O Pindo;25;472;0.24;0.325;0.48;64.5;Foot
A Coruna;Porto do Son;26;2332.2;0.22;0.343;0.03;51.3;Foot
Lugo;Burela;29;57.86;0;0.001;0.18;89.1;Both
Lugo;Celeiro;30;800.25;0.03;0.002;0.24;88.5;Both
Lugo;O Vicedo;31;284.4;0.13;0.084;0.24;97.1;Boat
Lugo;Ribadeo;32;995.38;0.29;0.569;0.06;85.2;Foot